id,alias,analysisType,analysisTypeDescription,firstCreated,firstPublic,releaseStatus,submissionAccountId,studyId,sampleId
ERZ19644128,webin-genome-AB243,SEQUENCE_ASSEMBLY,"Genome assembly",2023-07-12T20:15:30,,PRIVATE,Webin-62636,ERP149384,ERS15993706
ERZ19644124,webin-genome-Aci100_AB53,SEQUENCE_ASSEMBLY,"Genome assembly",2023-07-12T20:15:23,,PRIVATE,Webin-62636,ERP149384,ERS15993770
ERZ19644118,webin-genome-AB196,SEQUENCE_ASSEMBLY,"Genome assembly",2023-07-12T20:15:16,,PRIVATE,Webin-62636,ERP149384,ERS15993677
ERZ19644113,webin-genome-Aci310,SEQUENCE_ASSEMBLY,"Genome assembly",2023-07-12T20:15:09,,PRIVATE,Webin-62636,ERP149384,ERS15993910
ERZ19644112,webin-genome-AB260,SEQUENCE_ASSEMBLY,"Genome assembly",2023-07-12T20:15:02,,PRIVATE,Webin-62636,ERP149384,ERS15993720
ERZ19644111,webin-genome-AB14,SEQUENCE_ASSEMBLY,"Genome assembly",2023-07-12T20:14:56,,PRIVATE,Webin-62636,ERP149384,ERS15993631
ERZ19644108,webin-genome-AB262,SEQUENCE_ASSEMBLY,"Genome assembly",2023-07-12T20:14:49,,PRIVATE,Webin-62636,ERP149384,ERS15993722
ERZ19644106,webin-genome-Aci5,SEQUENCE_ASSEMBLY,"Genome assembly",2023-07-12T20:14:43,,PRIVATE,Webin-62636,ERP149384,ERS15993977
ERZ19644102,webin-genome-AB232,SEQUENCE_ASSEMBLY,"Genome assembly",2023-07-12T20:14:35,,PRIVATE,Webin-62636,ERP149384,ERS15993698
ERZ19644101,webin-genome-Aci267,SEQUENCE_ASSEMBLY,"Genome assembly",2023-07-12T20:14:29,,PRIVATE,Webin-62636,ERP149384,ERS15993886
ERZ19644098,webin-genome-AB298,SEQUENCE_ASSEMBLY,"Genome assembly",2023-07-12T20:14:22,,PRIVATE,Webin-62636,ERP149384,ERS15993734
ERZ19644094,webin-genome-AB308,SEQUENCE_ASSEMBLY,"Genome assembly",2023-07-12T20:14:15,,PRIVATE,Webin-62636,ERP149384,ERS15993740
ERZ19644092,webin-genome-AB145,SEQUENCE_ASSEMBLY,"Genome assembly",2023-07-12T20:14:09,,PRIVATE,Webin-62636,ERP149384,ERS15993637
ERZ19644086,webin-genome-AB289,SEQUENCE_ASSEMBLY,"Genome assembly",2023-07-12T20:14:02,,PRIVATE,Webin-62636,ERP149384,ERS15993732
ERZ19644085,webin-genome-Aci169,SEQUENCE_ASSEMBLY,"Genome assembly",2023-07-12T20:13:55,,PRIVATE,Webin-62636,ERP149384,ERS15993824
ERZ19644084,webin-genome-Aci324,SEQUENCE_ASSEMBLY,"Genome assembly",2023-07-12T20:13:48,,PRIVATE,Webin-62636,ERP149384,ERS15993920
ERZ19644083,webin-genome-AB272,SEQUENCE_ASSEMBLY,"Genome assembly",2023-07-12T20:13:42,,PRIVATE,Webin-62636,ERP149384,ERS15993726
ERZ19644081,webin-genome-Aci362,SEQUENCE_ASSEMBLY,"Genome assembly",2023-07-12T20:13:35,,PRIVATE,Webin-62636,ERP149384,ERS15993961
ERZ19644080,webin-genome-Aci256,SEQUENCE_ASSEMBLY,"Genome assembly",2023-07-12T20:13:28,,PRIVATE,Webin-62636,ERP149384,ERS15993874
ERZ19644078,webin-genome-Aci228,SEQUENCE_ASSEMBLY,"Genome assembly",2023-07-12T20:13:21,,PRIVATE,Webin-62636,ERP149384,ERS15993859
ERZ19644076,webin-genome-Aci172,SEQUENCE_ASSEMBLY,"Genome assembly",2023-07-12T20:13:15,,PRIVATE,Webin-62636,ERP149384,ERS15993828
ERZ19644068,webin-genome-AB138,SEQUENCE_ASSEMBLY,"Genome assembly",2023-07-12T20:13:08,,PRIVATE,Webin-62636,ERP149384,ERS15993629
ERZ19644067,webin-genome-AB234,SEQUENCE_ASSEMBLY,"Genome assembly",2023-07-12T20:13:01,,PRIVATE,Webin-62636,ERP149384,ERS15993700
ERZ19644066,webin-genome-AB123,SEQUENCE_ASSEMBLY,"Genome assembly",2023-07-12T20:12:54,,PRIVATE,Webin-62636,ERP149384,ERS15993617
ERZ19644062,webin-genome-Aci344,SEQUENCE_ASSEMBLY,"Genome assembly",2023-07-12T20:12:47,,PRIVATE,Webin-62636,ERP149384,ERS15993941
ERZ19644057,webin-genome-Aci138,SEQUENCE_ASSEMBLY,"Genome assembly",2023-07-12T20:12:41,,PRIVATE,Webin-62636,ERP149384,ERS15993791
ERZ19644054,webin-genome-Aci58,SEQUENCE_ASSEMBLY,"Genome assembly",2023-07-12T20:12:34,,PRIVATE,Webin-62636,ERP149384,ERS15993983
ERZ19644044,webin-genome-AB171,SEQUENCE_ASSEMBLY,"Genome assembly",2023-07-12T20:12:28,,PRIVATE,Webin-62636,ERP149384,ERS15993657
ERZ19644037,webin-genome-AB199,SEQUENCE_ASSEMBLY,"Genome assembly",2023-07-12T20:12:21,,PRIVATE,Webin-62636,ERP149384,ERS15993679
ERZ19644036,webin-genome-AB87,SEQUENCE_ASSEMBLY,"Genome assembly",2023-07-12T20:12:14,,PRIVATE,Webin-62636,ERP149384,ERS15993757
ERZ19644035,webin-genome-AB184,SEQUENCE_ASSEMBLY,"Genome assembly",2023-07-12T20:12:08,,PRIVATE,Webin-62636,ERP149384,ERS15993667
ERZ19644031,webin-genome-AB129,SEQUENCE_ASSEMBLY,"Genome assembly",2023-07-12T20:12:01,,PRIVATE,Webin-62636,ERP149384,ERS15993622
ERZ19644030,webin-genome-Aci3,SEQUENCE_ASSEMBLY,"Genome assembly",2023-07-12T20:11:54,,PRIVATE,Webin-62636,ERP149384,ERS15993901
ERZ19644028,webin-genome-AB264,SEQUENCE_ASSEMBLY,"Genome assembly",2023-07-12T20:11:48,,PRIVATE,Webin-62636,ERP149384,ERS15993724
ERZ19644025,webin-genome-Aci156,SEQUENCE_ASSEMBLY,"Genome assembly",2023-07-12T20:11:41,,PRIVATE,Webin-62636,ERP149384,ERS15993810
ERZ19644024,webin-genome-Aci268,SEQUENCE_ASSEMBLY,"Genome assembly",2023-07-12T20:11:35,,PRIVATE,Webin-62636,ERP149384,ERS15993887
ERZ19644021,webin-genome-Aci26,SEQUENCE_ASSEMBLY,"Genome assembly",2023-07-12T20:11:28,,PRIVATE,Webin-62636,ERP149384,ERS15993878
ERZ19644019,webin-genome-Aci9,SEQUENCE_ASSEMBLY,"Genome assembly",2023-07-12T20:11:21,,PRIVATE,Webin-62636,ERP149384,ERS15994008
ERZ19644018,webin-genome-AB117,SEQUENCE_ASSEMBLY,"Genome assembly",2023-07-12T20:11:15,,PRIVATE,Webin-62636,ERP149384,ERS15993611
ERZ19644014,webin-genome-Aci207,SEQUENCE_ASSEMBLY,"Genome assembly",2023-07-12T20:11:08,,PRIVATE,Webin-62636,ERP149384,ERS15993850
ERZ19644006,webin-genome-AB131,SEQUENCE_ASSEMBLY,"Genome assembly",2023-07-12T20:11:01,,PRIVATE,Webin-62636,ERP149384,ERS15993625
ERZ19644005,webin-genome-AB96,SEQUENCE_ASSEMBLY,"Genome assembly",2023-07-12T20:10:54,,PRIVATE,Webin-62636,ERP149384,ERS15993764
ERZ19644000,webin-genome-AB102,SEQUENCE_ASSEMBLY,"Genome assembly",2023-07-12T20:10:47,,PRIVATE,Webin-62636,ERP149384,ERS15993604
ERZ19643998,webin-genome-Aci57,SEQUENCE_ASSEMBLY,"Genome assembly",2023-07-12T20:10:40,,PRIVATE,Webin-62636,ERP149384,ERS15993982
ERZ19643990,webin-genome-Aci259,SEQUENCE_ASSEMBLY,"Genome assembly",2023-07-12T20:10:34,,PRIVATE,Webin-62636,ERP149384,ERS15993877
ERZ19643986,webin-genome-Aci28,SEQUENCE_ASSEMBLY,"Genome assembly",2023-07-12T20:10:27,,PRIVATE,Webin-62636,ERP149384,ERS15993896
ERZ19643985,"webin-genome-Aci112_AB193",SEQUENCE_ASSEMBLY,"Genome assembly",2023-07-12T20:10:20,,PRIVATE,Webin-62636,ERP149384,ERS15993783
ERZ19643981,webin-genome-AB151,SEQUENCE_ASSEMBLY,"Genome assembly",2023-07-12T20:10:13,,PRIVATE,Webin-62636,ERP149384,ERS15993644
ERZ19643977,webin-genome-Aci1,SEQUENCE_ASSEMBLY,"Genome assembly",2023-07-12T20:10:06,,PRIVATE,Webin-62636,ERP149384,ERS15993768
ERZ19643971,webin-genome-Aci4,SEQUENCE_ASSEMBLY,"Genome assembly",2023-07-12T20:09:59,,PRIVATE,Webin-62636,ERP149384,ERS15993972
ERZ19643965,webin-genome-Aci155,SEQUENCE_ASSEMBLY,"Genome assembly",2023-07-12T20:09:52,,PRIVATE,Webin-62636,ERP149384,ERS15993809
ERZ19643960,webin-genome-Aci363,SEQUENCE_ASSEMBLY,"Genome assembly",2023-07-12T20:09:46,,PRIVATE,Webin-62636,ERP149384,ERS15993962
ERZ19643954,webin-genome-Aci369,SEQUENCE_ASSEMBLY,"Genome assembly",2023-07-12T20:09:39,,PRIVATE,Webin-62636,ERP149384,ERS15993968
ERZ19643947,webin-genome-AB228,SEQUENCE_ASSEMBLY,"Genome assembly",2023-07-12T20:09:33,,PRIVATE,Webin-62636,ERP149384,ERS15993694
ERZ19643946,webin-genome-Aci208,SEQUENCE_ASSEMBLY,"Genome assembly",2023-07-12T20:09:26,,PRIVATE,Webin-62636,ERP149384,ERS15993851
ERZ19643945,webin-genome-AB242a,SEQUENCE_ASSEMBLY,"Genome assembly",2023-07-12T20:09:19,,PRIVATE,Webin-62636,ERP149384,ERS15993705
ERZ19643940,webin-genome-AB259,SEQUENCE_ASSEMBLY,"Genome assembly",2023-07-12T20:09:13,,PRIVATE,Webin-62636,ERP149384,ERS15993719
ERZ19643938,webin-genome-Aci276,SEQUENCE_ASSEMBLY,"Genome assembly",2023-07-12T20:09:06,,PRIVATE,Webin-62636,ERP149384,ERS15993895
ERZ19643931,webin-genome-Aci252,SEQUENCE_ASSEMBLY,"Genome assembly",2023-07-12T20:08:59,,PRIVATE,Webin-62636,ERP149384,ERS15993870
ERZ19643928,webin-genome-AB97,SEQUENCE_ASSEMBLY,"Genome assembly",2023-07-12T20:08:53,,PRIVATE,Webin-62636,ERP149384,ERS15993765
ERZ19643925,webin-genome-AB140,SEQUENCE_ASSEMBLY,"Genome assembly",2023-07-12T20:08:45,,PRIVATE,Webin-62636,ERP149384,ERS15993632
ERZ19643924,webin-genome-Aci176,SEQUENCE_ASSEMBLY,"Genome assembly",2023-07-12T20:08:38,,PRIVATE,Webin-62636,ERP149384,ERS15993832
ERZ19643920,webin-genome-AB152,SEQUENCE_ASSEMBLY,"Genome assembly",2023-07-12T20:08:32,,PRIVATE,Webin-62636,ERP149384,ERS15993645
ERZ19643915,webin-genome-Aci139,SEQUENCE_ASSEMBLY,"Genome assembly",2023-07-12T20:08:25,,PRIVATE,Webin-62636,ERP149384,ERS15993792
ERZ19643914,webin-genome-Aci61,SEQUENCE_ASSEMBLY,"Genome assembly",2023-07-12T20:08:18,,PRIVATE,Webin-62636,ERP149384,ERS15993987
ERZ19643912,webin-genome-Aci178,SEQUENCE_ASSEMBLY,"Genome assembly",2023-07-12T20:08:11,,PRIVATE,Webin-62636,ERP149384,ERS15993834
ERZ19643908,webin-genome-AB154,SEQUENCE_ASSEMBLY,"Genome assembly",2023-07-12T20:08:04,,PRIVATE,Webin-62636,ERP149384,ERS15993646
ERZ19643904,webin-genome-AB285,SEQUENCE_ASSEMBLY,"Genome assembly",2023-07-12T20:07:57,,PRIVATE,Webin-62636,ERP149384,ERS15993730
ERZ19643903,webin-genome-AB132,SEQUENCE_ASSEMBLY,"Genome assembly",2023-07-12T20:07:49,,PRIVATE,Webin-62636,ERP149384,ERS15993626
ERZ19643902,webin-genome-AB241,SEQUENCE_ASSEMBLY,"Genome assembly",2023-07-12T20:07:43,,PRIVATE,Webin-62636,ERP149384,ERS15993704
ERZ19643897,webin-genome-Aci142,SEQUENCE_ASSEMBLY,"Genome assembly",2023-07-12T20:07:36,,PRIVATE,Webin-62636,ERP149384,ERS15993796
ERZ19643892,webin-genome-Aci347,SEQUENCE_ASSEMBLY,"Genome assembly",2023-07-12T20:07:29,,PRIVATE,Webin-62636,ERP149384,ERS15993944
ERZ19643889,webin-genome-Aci146,SEQUENCE_ASSEMBLY,"Genome assembly",2023-07-12T20:07:22,,PRIVATE,Webin-62636,ERP149384,ERS15993800
ERZ19643887,webin-genome-AB99,SEQUENCE_ASSEMBLY,"Genome assembly",2023-07-12T20:07:16,,PRIVATE,Webin-62636,ERP149384,ERS15993767
ERZ19643881,webin-genome-AB263,SEQUENCE_ASSEMBLY,"Genome assembly",2023-07-12T20:07:09,,PRIVATE,Webin-62636,ERP149384,ERS15993723
ERZ19643878,webin-genome-AB94,SEQUENCE_ASSEMBLY,"Genome assembly",2023-07-12T20:07:02,,PRIVATE,Webin-62636,ERP149384,ERS15993762
ERZ19643875,webin-genome-Aci311,SEQUENCE_ASSEMBLY,"Genome assembly",2023-07-12T20:06:56,,PRIVATE,Webin-62636,ERP149384,ERS15993911
ERZ19643871,webin-genome-AB197,SEQUENCE_ASSEMBLY,"Genome assembly",2023-07-12T20:06:49,,PRIVATE,Webin-62636,ERP149384,ERS15993678
ERZ19643869,webin-genome-Aci328,SEQUENCE_ASSEMBLY,"Genome assembly",2023-07-12T20:06:42,,PRIVATE,Webin-62636,ERP149384,ERS15993923
ERZ19643864,webin-genome-Aci135,SEQUENCE_ASSEMBLY,"Genome assembly",2023-07-12T20:06:35,,PRIVATE,Webin-62636,ERP149384,ERS15993788
ERZ19643859,webin-genome-Aci102_AB55,SEQUENCE_ASSEMBLY,"Genome assembly",2023-07-12T20:06:28,,PRIVATE,Webin-62636,ERP149384,ERS15993772
ERZ19643850,webin-genome-Aci136,SEQUENCE_ASSEMBLY,"Genome assembly",2023-07-12T20:06:21,,PRIVATE,Webin-62636,ERP149384,ERS15993789
ERZ19643849,webin-genome-Aci17,SEQUENCE_ASSEMBLY,"Genome assembly",2023-07-12T20:06:14,,PRIVATE,Webin-62636,ERP149384,ERS15993825
ERZ19643847,webin-genome-AB183,SEQUENCE_ASSEMBLY,"Genome assembly",2023-07-12T20:06:07,,PRIVATE,Webin-62636,ERP149384,ERS15993666
ERZ19643846,webin-genome-Aci356,SEQUENCE_ASSEMBLY,"Genome assembly",2023-07-12T20:06:01,,PRIVATE,Webin-62636,ERP149384,ERS15993954
ERZ19643844,webin-genome-AB246,SEQUENCE_ASSEMBLY,"Genome assembly",2023-07-12T20:05:53,,PRIVATE,Webin-62636,ERP149384,ERS15993709
ERZ19643842,webin-genome-Aci300,SEQUENCE_ASSEMBLY,"Genome assembly",2023-07-12T20:05:47,,PRIVATE,Webin-62636,ERP149384,ERS15993903
ERZ19643839,webin-genome-Aci248,SEQUENCE_ASSEMBLY,"Genome assembly",2023-07-12T20:05:40,,PRIVATE,Webin-62636,ERP149384,ERS15993868
ERZ19643836,webin-genome-AB78,SEQUENCE_ASSEMBLY,"Genome assembly",2023-07-12T20:05:34,,PRIVATE,Webin-62636,ERP149384,ERS15993751
ERZ19643831,webin-genome-Aci18,SEQUENCE_ASSEMBLY,"Genome assembly",2023-07-12T20:05:27,,PRIVATE,Webin-62636,ERP149384,ERS15993836
ERZ19643826,webin-genome-AB304,SEQUENCE_ASSEMBLY,"Genome assembly",2023-07-12T20:05:20,,PRIVATE,Webin-62636,ERP149384,ERS15993739
ERZ19643822,webin-genome-Aci266,SEQUENCE_ASSEMBLY,"Genome assembly",2023-07-12T20:05:13,,PRIVATE,Webin-62636,ERP149384,ERS15993885
ERZ19643818,webin-genome-Aci270,SEQUENCE_ASSEMBLY,"Genome assembly",2023-07-12T20:05:06,,PRIVATE,Webin-62636,ERP149384,ERS15993890
ERZ19643816,webin-genome-AB244,SEQUENCE_ASSEMBLY,"Genome assembly",2023-07-12T20:05:00,,PRIVATE,Webin-62636,ERP149384,ERS15993707
ERZ19643812,webin-genome-Aci294,SEQUENCE_ASSEMBLY,"Genome assembly",2023-07-12T20:04:53,,PRIVATE,Webin-62636,ERP149384,ERS15993900
ERZ19643807,webin-genome-Aci144,SEQUENCE_ASSEMBLY,"Genome assembly",2023-07-12T20:04:46,,PRIVATE,Webin-62636,ERP149384,ERS15993798
ERZ19643806,webin-genome-AB235,SEQUENCE_ASSEMBLY,"Genome assembly",2023-07-12T20:04:39,,PRIVATE,Webin-62636,ERP149384,ERS15993701
ERZ19643805,webin-genome-Aci30,SEQUENCE_ASSEMBLY,"Genome assembly",2023-07-12T20:04:32,,PRIVATE,Webin-62636,ERP149384,ERS15993902
ERZ19643804,webin-genome-Aci151,SEQUENCE_ASSEMBLY,"Genome assembly",2023-07-12T20:04:24,,PRIVATE,Webin-62636,ERP149384,ERS15993805
ERZ19643803,webin-genome-Aci327,SEQUENCE_ASSEMBLY,"Genome assembly",2023-07-12T20:04:18,,PRIVATE,Webin-62636,ERP149384,ERS15993922
ERZ19643796,webin-genome-AB281,SEQUENCE_ASSEMBLY,"Genome assembly",2023-07-12T20:04:11,,PRIVATE,Webin-62636,ERP149384,ERS15993729
ERZ19643788,webin-genome-AB201,SEQUENCE_ASSEMBLY,"Genome assembly",2023-07-12T20:04:05,,PRIVATE,Webin-62636,ERP149384,ERS15993681
ERZ19643786,webin-genome-Aci184,SEQUENCE_ASSEMBLY,"Genome assembly",2023-07-12T20:03:59,,PRIVATE,Webin-62636,ERP149384,ERS15993841
ERZ19643785,webin-genome-AB95,SEQUENCE_ASSEMBLY,"Genome assembly",2023-07-12T20:03:52,,PRIVATE,Webin-62636,ERP149384,ERS15993763
ERZ19643779,webin-genome-Aci67,SEQUENCE_ASSEMBLY,"Genome assembly",2023-07-12T20:03:45,,PRIVATE,Webin-62636,ERP149384,ERS15993993
ERZ19643771,webin-genome-AB229,SEQUENCE_ASSEMBLY,"Genome assembly",2023-07-12T20:03:38,,PRIVATE,Webin-62636,ERP149384,ERS15993695
ERZ19643769,webin-genome-Aci76,SEQUENCE_ASSEMBLY,"Genome assembly",2023-07-12T20:03:32,,PRIVATE,Webin-62636,ERP149384,ERS15994003
ERZ19643765,webin-genome-AB212,SEQUENCE_ASSEMBLY,"Genome assembly",2023-07-12T20:03:25,,PRIVATE,Webin-62636,ERP149384,ERS15993687
ERZ19643762,webin-genome-Aci224,SEQUENCE_ASSEMBLY,"Genome assembly",2023-07-12T20:03:18,,PRIVATE,Webin-62636,ERP149384,ERS15993858
ERZ19643758,webin-genome-Aci12,SEQUENCE_ASSEMBLY,"Genome assembly",2023-07-12T20:03:11,,PRIVATE,Webin-62636,ERP149384,ERS15993785
ERZ19643754,webin-genome-Aci353,SEQUENCE_ASSEMBLY,"Genome assembly",2023-07-12T20:03:05,,PRIVATE,Webin-62636,ERP149384,ERS15993951
ERZ19643753,webin-genome-Aci134,SEQUENCE_ASSEMBLY,"Genome assembly",2023-07-12T20:02:58,,PRIVATE,Webin-62636,ERP149384,ERS15993787
ERZ19643752,webin-genome-AB191,SEQUENCE_ASSEMBLY,"Genome assembly",2023-07-12T20:02:51,,PRIVATE,Webin-62636,ERP149384,ERS15993673
ERZ19643749,webin-genome-AB98,SEQUENCE_ASSEMBLY,"Genome assembly",2023-07-12T20:02:44,,PRIVATE,Webin-62636,ERP149384,ERS15993766
ERZ19643744,webin-genome-Aci41,SEQUENCE_ASSEMBLY,"Genome assembly",2023-07-12T20:02:37,,PRIVATE,Webin-62636,ERP149384,ERS15993974
ERZ19643743,webin-genome-Aci273,SEQUENCE_ASSEMBLY,"Genome assembly",2023-07-12T20:02:30,,PRIVATE,Webin-62636,ERP149384,ERS15993893
ERZ19643742,webin-genome-Aci137,SEQUENCE_ASSEMBLY,"Genome assembly",2023-07-12T20:02:23,,PRIVATE,Webin-62636,ERP149384,ERS15993790
ERZ19643741,webin-genome-Aci346,SEQUENCE_ASSEMBLY,"Genome assembly",2023-07-12T20:02:17,,PRIVATE,Webin-62636,ERP149384,ERS15993943
ERZ19643733,webin-genome-AB179,SEQUENCE_ASSEMBLY,"Genome assembly",2023-07-12T20:02:09,,PRIVATE,Webin-62636,ERP149384,ERS15993663
ERZ19643730,webin-genome-Aci317,SEQUENCE_ASSEMBLY,"Genome assembly",2023-07-12T20:02:03,,PRIVATE,Webin-62636,ERP149384,ERS15993914
ERZ19643726,webin-genome-Aci235,SEQUENCE_ASSEMBLY,"Genome assembly",2023-07-12T20:01:56,,PRIVATE,Webin-62636,ERP149384,ERS15993863
ERZ19643717,webin-genome-Aci163,SEQUENCE_ASSEMBLY,"Genome assembly",2023-07-12T20:01:49,,PRIVATE,Webin-62636,ERP149384,ERS15993818
ERZ19643715,webin-genome-Aci6,SEQUENCE_ASSEMBLY,"Genome assembly",2023-07-12T20:01:42,,PRIVATE,Webin-62636,ERP149384,ERS15993985
ERZ19643714,webin-genome-Aci338,SEQUENCE_ASSEMBLY,"Genome assembly",2023-07-12T20:01:35,,PRIVATE,Webin-62636,ERP149384,ERS15993934
ERZ19643711,webin-genome-AB294,SEQUENCE_ASSEMBLY,"Genome assembly",2023-07-12T20:01:28,,PRIVATE,Webin-62636,ERP149384,ERS15993733
ERZ19643705,webin-genome-AB79,SEQUENCE_ASSEMBLY,"Genome assembly",2023-07-12T20:01:22,,PRIVATE,Webin-62636,ERP149384,ERS15993752
ERZ19643700,webin-genome-Aci320,SEQUENCE_ASSEMBLY,"Genome assembly",2023-07-12T20:01:15,,PRIVATE,Webin-62636,ERP149384,ERS15993917
ERZ19643693,webin-genome-AB251,SEQUENCE_ASSEMBLY,"Genome assembly",2023-07-12T20:01:08,,PRIVATE,Webin-62636,ERP149384,ERS15993713
ERZ19643689,webin-genome-Aci113_AB51,SEQUENCE_ASSEMBLY,"Genome assembly",2023-07-12T20:01:01,,PRIVATE,Webin-62636,ERP149384,ERS15993784
ERZ19643687,webin-genome-AB215,SEQUENCE_ASSEMBLY,"Genome assembly",2023-07-12T20:00:55,,PRIVATE,Webin-62636,ERP149384,ERS15993690
ERZ19643682,webin-genome-Aci352,SEQUENCE_ASSEMBLY,"Genome assembly",2023-07-12T20:00:48,,PRIVATE,Webin-62636,ERP149384,ERS15993950
ERZ19643681,webin-genome-Aci97,SEQUENCE_ASSEMBLY,"Genome assembly",2023-07-12T20:00:42,,PRIVATE,Webin-62636,ERP149384,ERS15994010
ERZ19643679,webin-genome-AB177,SEQUENCE_ASSEMBLY,"Genome assembly",2023-07-12T20:00:35,,PRIVATE,Webin-62636,ERP149384,ERS15993661
ERZ19643671,webin-genome-AB139,SEQUENCE_ASSEMBLY,"Genome assembly",2023-07-12T20:00:28,,PRIVATE,Webin-62636,ERP149384,ERS15993630
ERZ19643668,webin-genome-AB309,SEQUENCE_ASSEMBLY,"Genome assembly",2023-07-12T20:00:21,,PRIVATE,Webin-62636,ERP149384,ERS15993741
ERZ19643666,webin-genome-AB205,SEQUENCE_ASSEMBLY,"Genome assembly",2023-07-12T20:00:15,,PRIVATE,Webin-62636,ERP149384,ERS15993683
ERZ19643665,webin-genome-Aci234,SEQUENCE_ASSEMBLY,"Genome assembly",2023-07-12T20:00:08,,PRIVATE,Webin-62636,ERP149384,ERS15993862
ERZ19643661,webin-genome-AB274,SEQUENCE_ASSEMBLY,"Genome assembly",2023-07-12T20:00:01,,PRIVATE,Webin-62636,ERP149384,ERS15993727
ERZ19643653,webin-genome-Aci29,SEQUENCE_ASSEMBLY,"Genome assembly",2023-07-12T19:59:54,,PRIVATE,Webin-62636,ERP149384,ERS15993898
ERZ19643644,webin-genome-Aci34,SEQUENCE_ASSEMBLY,"Genome assembly",2023-07-12T19:59:48,,PRIVATE,Webin-62636,ERP149384,ERS15993936
ERZ19643636,webin-genome-Aci59,SEQUENCE_ASSEMBLY,"Genome assembly",2023-07-12T19:59:41,,PRIVATE,Webin-62636,ERP149384,ERS15993984
ERZ19643632,webin-genome-AB156,SEQUENCE_ASSEMBLY,"Genome assembly",2023-07-12T19:59:34,,PRIVATE,Webin-62636,ERP149384,ERS15993648
ERZ19643627,webin-genome-Aci307,SEQUENCE_ASSEMBLY,"Genome assembly",2023-07-12T19:59:27,,PRIVATE,Webin-62636,ERP149384,ERS15993907
ERZ19643623,webin-genome-Aci159,SEQUENCE_ASSEMBLY,"Genome assembly",2023-07-12T19:59:20,,PRIVATE,Webin-62636,ERP149384,ERS15993813
ERZ19643617,webin-genome-Aci157,SEQUENCE_ASSEMBLY,"Genome assembly",2023-07-12T19:59:13,,PRIVATE,Webin-62636,ERP149384,ERS15993811
ERZ19643616,webin-genome-Aci182,SEQUENCE_ASSEMBLY,"Genome assembly",2023-07-12T19:59:07,,PRIVATE,Webin-62636,ERP149384,ERS15993839
ERZ19643610,webin-genome-Aci358,SEQUENCE_ASSEMBLY,"Genome assembly",2023-07-12T19:59:00,,PRIVATE,Webin-62636,ERP149384,ERS15993956
ERZ19643604,webin-genome-AB231,SEQUENCE_ASSEMBLY,"Genome assembly",2023-07-12T19:58:53,,PRIVATE,Webin-62636,ERP149384,ERS15993697
ERZ19643597,webin-genome-AB13,SEQUENCE_ASSEMBLY,"Genome assembly",2023-07-12T19:58:46,,PRIVATE,Webin-62636,ERP149384,ERS15993623
ERZ19643589,webin-genome-AB146,SEQUENCE_ASSEMBLY,"Genome assembly",2023-07-12T19:58:39,,PRIVATE,Webin-62636,ERP149384,ERS15993638
ERZ19643577,"webin-genome-Aci109_AB134",SEQUENCE_ASSEMBLY,"Genome assembly",2023-07-12T19:58:32,,PRIVATE,Webin-62636,ERP149384,ERS15993779
ERZ19643565,webin-genome-AB287,SEQUENCE_ASSEMBLY,"Genome assembly",2023-07-12T19:58:25,,PRIVATE,Webin-62636,ERP149384,ERS15993731
ERZ19643556,webin-genome-AB148,SEQUENCE_ASSEMBLY,"Genome assembly",2023-07-12T19:58:18,,PRIVATE,Webin-62636,ERP149384,ERS15993640
ERZ19643554,webin-genome-AB299,SEQUENCE_ASSEMBLY,"Genome assembly",2023-07-12T19:58:12,,PRIVATE,Webin-62636,ERP149384,ERS15993735
ERZ19643546,webin-genome-AB213,SEQUENCE_ASSEMBLY,"Genome assembly",2023-07-12T19:58:05,,PRIVATE,Webin-62636,ERP149384,ERS15993688
ERZ19643545,"webin-genome-Aci108_AB198",SEQUENCE_ASSEMBLY,"Genome assembly",2023-07-12T19:57:58,,PRIVATE,Webin-62636,ERP149384,ERS15993778
ERZ19643544,webin-genome-Aci154,SEQUENCE_ASSEMBLY,"Genome assembly",2023-07-12T19:57:51,,PRIVATE,Webin-62636,ERP149384,ERS15993808
ERZ19643539,webin-genome-Aci360,SEQUENCE_ASSEMBLY,"Genome assembly",2023-07-12T19:57:45,,PRIVATE,Webin-62636,ERP149384,ERS15993959
ERZ19643535,webin-genome-Aci11,SEQUENCE_ASSEMBLY,"Genome assembly",2023-07-12T19:57:38,,PRIVATE,Webin-62636,ERP149384,ERS15993780
ERZ19643515,webin-genome-Aci332,SEQUENCE_ASSEMBLY,"Genome assembly",2023-07-12T19:57:31,,PRIVATE,Webin-62636,ERP149384,ERS15993928
ERZ19643510,webin-genome-AB175,SEQUENCE_ASSEMBLY,"Genome assembly",2023-07-12T19:57:24,,PRIVATE,Webin-62636,ERP149384,ERS15993659
ERZ19643507,webin-genome-Aci262,SEQUENCE_ASSEMBLY,"Genome assembly",2023-07-12T19:57:17,,PRIVATE,Webin-62636,ERP149384,ERS15993881
ERZ19643496,webin-genome-Aci158,SEQUENCE_ASSEMBLY,"Genome assembly",2023-07-12T19:57:10,,PRIVATE,Webin-62636,ERP149384,ERS15993812
ERZ19643489,webin-genome-Aci13,SEQUENCE_ASSEMBLY,"Genome assembly",2023-07-12T19:57:04,,PRIVATE,Webin-62636,ERP149384,ERS15993786
ERZ19643485,webin-genome-Aci326,SEQUENCE_ASSEMBLY,"Genome assembly",2023-07-12T19:56:57,,PRIVATE,Webin-62636,ERP149384,ERS15993921
ERZ19643484,webin-genome-AB187,SEQUENCE_ASSEMBLY,"Genome assembly",2023-07-12T19:56:51,,PRIVATE,Webin-62636,ERP149384,ERS15993670
ERZ19643481,webin-genome-AB163,SEQUENCE_ASSEMBLY,"Genome assembly",2023-07-12T19:56:44,,PRIVATE,Webin-62636,ERP149384,ERS15993654
ERZ19643478,webin-genome-Aci349,SEQUENCE_ASSEMBLY,"Genome assembly",2023-07-12T19:56:37,,PRIVATE,Webin-62636,ERP149384,ERS15993946
ERZ19643472,webin-genome-Aci69,SEQUENCE_ASSEMBLY,"Genome assembly",2023-07-12T19:56:30,,PRIVATE,Webin-62636,ERP149384,ERS15993995
ERZ19643471,webin-genome-Aci7,SEQUENCE_ASSEMBLY,"Genome assembly",2023-07-12T19:56:24,,PRIVATE,Webin-62636,ERP149384,ERS15993996
ERZ19643467,webin-genome-Aci64,SEQUENCE_ASSEMBLY,"Genome assembly",2023-07-12T19:56:17,,PRIVATE,Webin-62636,ERP149384,ERS15993990
ERZ19643465,webin-genome-AB253,SEQUENCE_ASSEMBLY,"Genome assembly",2023-07-12T19:56:09,,PRIVATE,Webin-62636,ERP149384,ERS15993715
ERZ19643458,webin-genome-AB178,SEQUENCE_ASSEMBLY,"Genome assembly",2023-07-12T19:56:03,,PRIVATE,Webin-62636,ERP149384,ERS15993662
ERZ19643452,webin-genome-Aci359,SEQUENCE_ASSEMBLY,"Genome assembly",2023-07-12T19:55:56,,PRIVATE,Webin-62636,ERP149384,ERS15993957
ERZ19643446,webin-genome-AB144,SEQUENCE_ASSEMBLY,"Genome assembly",2023-07-12T19:55:49,,PRIVATE,Webin-62636,ERP149384,ERS15993636
ERZ19643443,webin-genome-Aci318,SEQUENCE_ASSEMBLY,"Genome assembly",2023-07-12T19:55:43,,PRIVATE,Webin-62636,ERP149384,ERS15993915
ERZ19643442,webin-genome-Aci258,SEQUENCE_ASSEMBLY,"Genome assembly",2023-07-12T19:55:35,,PRIVATE,Webin-62636,ERP149384,ERS15993876
ERZ19643438,webin-genome-Aci254,SEQUENCE_ASSEMBLY,"Genome assembly",2023-07-12T19:55:29,,PRIVATE,Webin-62636,ERP149384,ERS15993872
ERZ19643435,webin-genome-AB142,SEQUENCE_ASSEMBLY,"Genome assembly",2023-07-12T19:55:22,,PRIVATE,Webin-62636,ERP149384,ERS15993634
ERZ19643429,webin-genome-Aci56,SEQUENCE_ASSEMBLY,"Genome assembly",2023-07-12T19:55:15,,PRIVATE,Webin-62636,ERP149384,ERS15993981
ERZ19643425,webin-genome-AB92,SEQUENCE_ASSEMBLY,"Genome assembly",2023-07-12T19:55:08,,PRIVATE,Webin-62636,ERP149384,ERS15993761
ERZ19643421,webin-genome-AB186,SEQUENCE_ASSEMBLY,"Genome assembly",2023-07-12T19:55:01,,PRIVATE,Webin-62636,ERP149384,ERS15993669
ERZ19643420,webin-genome-Aci164,SEQUENCE_ASSEMBLY,"Genome assembly",2023-07-12T19:54:55,,PRIVATE,Webin-62636,ERP149384,ERS15993819
ERZ19643419,webin-genome-AB52,SEQUENCE_ASSEMBLY,"Genome assembly",2023-07-12T19:54:48,,PRIVATE,Webin-62636,ERP149384,ERS15993743
ERZ19643418,webin-genome-Aci243,SEQUENCE_ASSEMBLY,"Genome assembly",2023-07-12T19:54:42,,PRIVATE,Webin-62636,ERP149384,ERS15993866
ERZ19643417,"webin-genome-Aci103_AB269",SEQUENCE_ASSEMBLY,"Genome assembly",2023-07-12T19:54:36,,PRIVATE,Webin-62636,ERP149384,ERS15993773
ERZ19643413,webin-genome-Aci323,SEQUENCE_ASSEMBLY,"Genome assembly",2023-07-12T19:54:29,,PRIVATE,Webin-62636,ERP149384,ERS15993919
ERZ19643410,webin-genome-Aci20,SEQUENCE_ASSEMBLY,"Genome assembly",2023-07-12T19:54:22,,PRIVATE,Webin-62636,ERP149384,ERS15993847
ERZ19643407,webin-genome-AB310,SEQUENCE_ASSEMBLY,"Genome assembly",2023-07-12T19:54:16,,PRIVATE,Webin-62636,ERP149384,ERS15993742
ERZ19643394,webin-genome-Aci145,SEQUENCE_ASSEMBLY,"Genome assembly",2023-07-12T19:54:10,,PRIVATE,Webin-62636,ERP149384,ERS15993799
ERZ19643382,webin-genome-Aci22,SEQUENCE_ASSEMBLY,"Genome assembly",2023-07-12T19:54:03,,PRIVATE,Webin-62636,ERP149384,ERS15993855
ERZ19643380,"webin-genome-Aci105_AB300",SEQUENCE_ASSEMBLY,"Genome assembly",2023-07-12T19:53:56,,PRIVATE,Webin-62636,ERP149384,ERS15993775
ERZ19643377,webin-genome-Aci322,SEQUENCE_ASSEMBLY,"Genome assembly",2023-07-12T19:53:49,,PRIVATE,Webin-62636,ERP149384,ERS15993918
ERZ19643373,webin-genome-AB149,SEQUENCE_ASSEMBLY,"Genome assembly",2023-07-12T19:53:43,,PRIVATE,Webin-62636,ERP149384,ERS15993641
ERZ19643369,webin-genome-AB126,SEQUENCE_ASSEMBLY,"Genome assembly",2023-07-12T19:53:36,,PRIVATE,Webin-62636,ERP149384,ERS15993619
ERZ19643366,webin-genome-Aci16,SEQUENCE_ASSEMBLY,"Genome assembly",2023-07-12T19:53:29,,PRIVATE,Webin-62636,ERP149384,ERS15993814
ERZ19643354,webin-genome-AB176,SEQUENCE_ASSEMBLY,"Genome assembly",2023-07-12T19:53:23,,PRIVATE,Webin-62636,ERP149384,ERS15993660
ERZ19643353,"webin-genome-Aci107_AB248",SEQUENCE_ASSEMBLY,"Genome assembly",2023-07-12T19:53:16,,PRIVATE,Webin-62636,ERP149384,ERS15993777
ERZ19643352,webin-genome-AB115,SEQUENCE_ASSEMBLY,"Genome assembly",2023-07-12T19:53:10,,PRIVATE,Webin-62636,ERP149384,ERS15993609
ERZ19643350,webin-genome-AB9,SEQUENCE_ASSEMBLY,"Genome assembly",2023-07-12T19:53:03,,PRIVATE,Webin-62636,ERP149384,ERS15993758
ERZ19643335,webin-genome-Aci230,SEQUENCE_ASSEMBLY,"Genome assembly",2023-07-12T19:52:56,,PRIVATE,Webin-62636,ERP149384,ERS15993861
ERZ19643330,webin-genome-Aci21,SEQUENCE_ASSEMBLY,"Genome assembly",2023-07-12T19:52:49,,PRIVATE,Webin-62636,ERP149384,ERS15993852
ERZ19643327,webin-genome-AB261,SEQUENCE_ASSEMBLY,"Genome assembly",2023-07-12T19:52:43,,PRIVATE,Webin-62636,ERP149384,ERS15993721
ERZ19643325,webin-genome-Aci217,SEQUENCE_ASSEMBLY,"Genome assembly",2023-07-12T19:52:36,,PRIVATE,Webin-62636,ERP149384,ERS15993854
ERZ19643321,webin-genome-Aci265,SEQUENCE_ASSEMBLY,"Genome assembly",2023-07-12T19:52:29,,PRIVATE,Webin-62636,ERP149384,ERS15993884
ERZ19643320,webin-genome-AB240,SEQUENCE_ASSEMBLY,"Genome assembly",2023-07-12T19:52:22,,PRIVATE,Webin-62636,ERP149384,ERS15993703
ERZ19643316,webin-genome-AB56,SEQUENCE_ASSEMBLY,"Genome assembly",2023-07-12T19:52:14,,PRIVATE,Webin-62636,ERP149384,ERS15993745
ERZ19643312,webin-genome-AB120,SEQUENCE_ASSEMBLY,"Genome assembly",2023-07-12T19:52:08,,PRIVATE,Webin-62636,ERP149384,ERS15993614
ERZ19643308,webin-genome-AB12,SEQUENCE_ASSEMBLY,"Genome assembly",2023-07-12T19:52:01,,PRIVATE,Webin-62636,ERP149384,ERS15993613
ERZ19643304,webin-genome-Aci253,SEQUENCE_ASSEMBLY,"Genome assembly",2023-07-12T19:51:55,,PRIVATE,Webin-62636,ERP149384,ERS15993871
ERZ19643302,webin-genome-Aci42,SEQUENCE_ASSEMBLY,"Genome assembly",2023-07-12T19:51:48,,PRIVATE,Webin-62636,ERP149384,ERS15993975
ERZ19643297,webin-genome-Aci73,SEQUENCE_ASSEMBLY,"Genome assembly",2023-07-12T19:51:41,,PRIVATE,Webin-62636,ERP149384,ERS15994000
ERZ19643289,webin-genome-Aci140,SEQUENCE_ASSEMBLY,"Genome assembly",2023-07-12T19:51:35,,PRIVATE,Webin-62636,ERP149384,ERS15993794
ERZ19643284,webin-genome-AB164,SEQUENCE_ASSEMBLY,"Genome assembly",2023-07-12T19:51:28,,PRIVATE,Webin-62636,ERP149384,ERS15993655
ERZ19643280,webin-genome-Aci342,SEQUENCE_ASSEMBLY,"Genome assembly",2023-07-12T19:51:22,,PRIVATE,Webin-62636,ERP149384,ERS15993939
ERZ19643278,webin-genome-AB237,SEQUENCE_ASSEMBLY,"Genome assembly",2023-07-12T19:51:15,,PRIVATE,Webin-62636,ERP149384,ERS15993702
ERZ19643274,webin-genome-AB141,SEQUENCE_ASSEMBLY,"Genome assembly",2023-07-12T19:51:09,,PRIVATE,Webin-62636,ERP149384,ERS15993633
ERZ19643270,webin-genome-Aci240,SEQUENCE_ASSEMBLY,"Genome assembly",2023-07-12T19:51:02,,PRIVATE,Webin-62636,ERP149384,ERS15993865
ERZ19643269,webin-genome-Aci309,SEQUENCE_ASSEMBLY,"Genome assembly",2023-07-12T19:50:56,,PRIVATE,Webin-62636,ERP149384,ERS15993908
ERZ19643267,webin-genome-Aci305,SEQUENCE_ASSEMBLY,"Genome assembly",2023-07-12T19:50:49,,PRIVATE,Webin-62636,ERP149384,ERS15993906
ERZ19643260,webin-genome-AB190,SEQUENCE_ASSEMBLY,"Genome assembly",2023-07-12T19:50:43,,PRIVATE,Webin-62636,ERP149384,ERS15993672
ERZ19643259,webin-genome-AB258,SEQUENCE_ASSEMBLY,"Genome assembly",2023-07-12T19:50:36,,PRIVATE,Webin-62636,ERP149384,ERS15993718
ERZ19643255,webin-genome-Aci31,SEQUENCE_ASSEMBLY,"Genome assembly",2023-07-12T19:50:29,,PRIVATE,Webin-62636,ERP149384,ERS15993909
ERZ19643254,webin-genome-Aci281,SEQUENCE_ASSEMBLY,"Genome assembly",2023-07-12T19:50:23,,PRIVATE,Webin-62636,ERP149384,ERS15993897
ERZ19643251,webin-genome-Aci364,SEQUENCE_ASSEMBLY,"Genome assembly",2023-07-12T19:50:16,,PRIVATE,Webin-62636,ERP149384,ERS15993963
ERZ19643244,webin-genome-Aci200,SEQUENCE_ASSEMBLY,"Genome assembly",2023-07-12T19:50:10,,PRIVATE,Webin-62636,ERP149384,ERS15993848
ERZ19643239,webin-genome-AB200,SEQUENCE_ASSEMBLY,"Genome assembly",2023-07-12T19:50:04,,PRIVATE,Webin-62636,ERP149384,ERS15993680
ERZ19643233,webin-genome-AB91,SEQUENCE_ASSEMBLY,"Genome assembly",2023-07-12T19:49:57,,PRIVATE,Webin-62636,ERP149384,ERS15993760
ERZ19643232,webin-genome-AB112,SEQUENCE_ASSEMBLY,"Genome assembly",2023-07-12T19:49:51,,PRIVATE,Webin-62636,ERP149384,ERS15993606
ERZ19643231,webin-genome-AB147,SEQUENCE_ASSEMBLY,"Genome assembly",2023-07-12T19:49:44,,PRIVATE,Webin-62636,ERP149384,ERS15993639
ERZ19643227,webin-genome-Aci24,SEQUENCE_ASSEMBLY,"Genome assembly",2023-07-12T19:49:38,,PRIVATE,Webin-62636,ERP149384,ERS15993864
ERZ19643223,webin-genome-AB194,SEQUENCE_ASSEMBLY,"Genome assembly",2023-07-12T19:49:31,,PRIVATE,Webin-62636,ERP149384,ERS15993675
ERZ19643218,webin-genome-AB185,SEQUENCE_ASSEMBLY,"Genome assembly",2023-07-12T19:49:24,,PRIVATE,Webin-62636,ERP149384,ERS15993668
ERZ19643215,webin-genome-Aci361,SEQUENCE_ASSEMBLY,"Genome assembly",2023-07-12T19:49:17,,PRIVATE,Webin-62636,ERP149384,ERS15993960
ERZ19643206,webin-genome-AB160,SEQUENCE_ASSEMBLY,"Genome assembly",2023-07-12T19:49:10,,PRIVATE,Webin-62636,ERP149384,ERS15993651
ERZ19643200,webin-genome-AB125,SEQUENCE_ASSEMBLY,"Genome assembly",2023-07-12T19:49:02,,PRIVATE,Webin-62636,ERP149384,ERS15993618
ERZ19643192,webin-genome-Aci166,SEQUENCE_ASSEMBLY,"Genome assembly",2023-07-12T19:48:56,,PRIVATE,Webin-62636,ERP149384,ERS15993821
ERZ19643187,webin-genome-Aci348,SEQUENCE_ASSEMBLY,"Genome assembly",2023-07-12T19:48:48,,PRIVATE,Webin-62636,ERP149384,ERS15993945
ERZ19643184,webin-genome-AB143,SEQUENCE_ASSEMBLY,"Genome assembly",2023-07-12T19:48:41,,PRIVATE,Webin-62636,ERP149384,ERS15993635
ERZ19643177,webin-genome-AB254,SEQUENCE_ASSEMBLY,"Genome assembly",2023-07-12T19:48:34,,PRIVATE,Webin-62636,ERP149384,ERS15993716
ERZ19643176,"webin-genome-Aci104_AB227",SEQUENCE_ASSEMBLY,"Genome assembly",2023-07-12T19:48:27,,PRIVATE,Webin-62636,ERP149384,ERS15993774
ERZ19643175,webin-genome-Aci333,SEQUENCE_ASSEMBLY,"Genome assembly",2023-07-12T19:48:21,,PRIVATE,Webin-62636,ERP149384,ERS15993929
ERZ19643171,webin-genome-Aci329,SEQUENCE_ASSEMBLY,"Genome assembly",2023-07-12T19:48:14,,PRIVATE,Webin-62636,ERP149384,ERS15993924
ERZ19643167,webin-genome-AB180,SEQUENCE_ASSEMBLY,"Genome assembly",2023-07-12T19:48:07,,PRIVATE,Webin-62636,ERP149384,ERS15993664
ERZ19643165,webin-genome-AB128,SEQUENCE_ASSEMBLY,"Genome assembly",2023-07-12T19:48:00,,PRIVATE,Webin-62636,ERP149384,ERS15993621
ERZ19643163,webin-genome-Aci170,SEQUENCE_ASSEMBLY,"Genome assembly",2023-07-12T19:47:53,,PRIVATE,Webin-62636,ERP149384,ERS15993826
ERZ19643162,webin-genome-AB302,SEQUENCE_ASSEMBLY,"Genome assembly",2023-07-12T19:47:46,,PRIVATE,Webin-62636,ERP149384,ERS15993737
ERZ19643159,webin-genome-AB85,SEQUENCE_ASSEMBLY,"Genome assembly",2023-07-12T19:47:40,,PRIVATE,Webin-62636,ERP149384,ERS15993755
ERZ19643151,webin-genome-Aci77,SEQUENCE_ASSEMBLY,"Genome assembly",2023-07-12T19:47:33,,PRIVATE,Webin-62636,ERP149384,ERS15994004
ERZ19643148,webin-genome-AB223,SEQUENCE_ASSEMBLY,"Genome assembly",2023-07-12T19:47:26,,PRIVATE,Webin-62636,ERP149384,ERS15993692
ERZ19643144,webin-genome-AB267,SEQUENCE_ASSEMBLY,"Genome assembly",2023-07-12T19:47:18,,PRIVATE,Webin-62636,ERP149384,ERS15993725
ERZ19643142,webin-genome-Aci223,SEQUENCE_ASSEMBLY,"Genome assembly",2023-07-12T19:47:12,,PRIVATE,Webin-62636,ERP149384,ERS15993857
ERZ19643139,webin-genome-AB301,SEQUENCE_ASSEMBLY,"Genome assembly",2023-07-12T19:47:04,,PRIVATE,Webin-62636,ERP149384,ERS15993736
ERZ19643133,webin-genome-AB207,SEQUENCE_ASSEMBLY,"Genome assembly",2023-07-12T19:46:57,,PRIVATE,Webin-62636,ERP149384,ERS15993684
ERZ19643129,webin-genome-AB192,SEQUENCE_ASSEMBLY,"Genome assembly",2023-07-12T19:46:50,,PRIVATE,Webin-62636,ERP149384,ERS15993674
ERZ19643128,webin-genome-AB252,SEQUENCE_ASSEMBLY,"Genome assembly",2023-07-12T19:46:43,,PRIVATE,Webin-62636,ERP149384,ERS15993714
ERZ19643125,webin-genome-AB113,SEQUENCE_ASSEMBLY,"Genome assembly",2023-07-12T19:46:36,,PRIVATE,Webin-62636,ERP149384,ERS15993607
ERZ19643120,webin-genome-Aci367,SEQUENCE_ASSEMBLY,"Genome assembly",2023-07-12T19:46:29,,PRIVATE,Webin-62636,ERP149384,ERS15993966
ERZ19643118,webin-genome-AB276,SEQUENCE_ASSEMBLY,"Genome assembly",2023-07-12T19:46:22,,PRIVATE,Webin-62636,ERP149384,ERS15993728
ERZ19643114,webin-genome-Aci194,SEQUENCE_ASSEMBLY,"Genome assembly",2023-07-12T19:46:15,,PRIVATE,Webin-62636,ERP149384,ERS15993845
ERZ19643113,webin-genome-Aci84,SEQUENCE_ASSEMBLY,"Genome assembly",2023-07-12T19:46:08,,PRIVATE,Webin-62636,ERP149384,ERS15994007
ERZ19643108,webin-genome-AB181,SEQUENCE_ASSEMBLY,"Genome assembly",2023-07-12T19:46:01,,PRIVATE,Webin-62636,ERP149384,ERS15993665
ERZ19643103,webin-genome-Aci33,SEQUENCE_ASSEMBLY,"Genome assembly",2023-07-12T19:45:54,,PRIVATE,Webin-62636,ERP149384,ERS15993925
ERZ19643096,webin-genome-Aci341,SEQUENCE_ASSEMBLY,"Genome assembly",2023-07-12T19:45:47,,PRIVATE,Webin-62636,ERP149384,ERS15993938
ERZ19643094,webin-genome-AB249,SEQUENCE_ASSEMBLY,"Genome assembly",2023-07-12T19:45:41,,PRIVATE,Webin-62636,ERP149384,ERS15993711
ERZ19643092,webin-genome-Aci160,SEQUENCE_ASSEMBLY,"Genome assembly",2023-07-12T19:45:34,,PRIVATE,Webin-62636,ERP149384,ERS15993815
ERZ19643088,webin-genome-Aci340,SEQUENCE_ASSEMBLY,"Genome assembly",2023-07-12T19:45:27,,PRIVATE,Webin-62636,ERP149384,ERS15993937
ERZ19643086,webin-genome-AB214,SEQUENCE_ASSEMBLY,"Genome assembly",2023-07-12T19:45:19,,PRIVATE,Webin-62636,ERP149384,ERS15993689
ERZ19643082,webin-genome-Aci247,SEQUENCE_ASSEMBLY,"Genome assembly",2023-07-12T19:45:13,,PRIVATE,Webin-62636,ERP149384,ERS15993867
ERZ19643078,webin-genome-AB303,SEQUENCE_ASSEMBLY,"Genome assembly",2023-07-12T19:45:06,,PRIVATE,Webin-62636,ERP149384,ERS15993738
ERZ19643073,webin-genome-Aci269,SEQUENCE_ASSEMBLY,"Genome assembly",2023-07-12T19:44:59,,PRIVATE,Webin-62636,ERP149384,ERS15993888
ERZ19643070,webin-genome-Aci368,SEQUENCE_ASSEMBLY,"Genome assembly",2023-07-12T19:44:52,,PRIVATE,Webin-62636,ERP149384,ERS15993967
ERZ19643069,webin-genome-Aci149,SEQUENCE_ASSEMBLY,"Genome assembly",2023-07-12T19:44:45,,PRIVATE,Webin-62636,ERP149384,ERS15993802
ERZ19643064,webin-genome-AB57,SEQUENCE_ASSEMBLY,"Genome assembly",2023-07-12T19:44:37,,PRIVATE,Webin-62636,ERP149384,ERS15993746
ERZ19643055,webin-genome-Aci14,SEQUENCE_ASSEMBLY,"Genome assembly",2023-07-12T19:44:31,,PRIVATE,Webin-62636,ERP149384,ERS15993793
ERZ19643050,webin-genome-AB130,SEQUENCE_ASSEMBLY,"Genome assembly",2023-07-12T19:44:24,,PRIVATE,Webin-62636,ERP149384,ERS15993624
ERZ19643040,webin-genome-Aci162,SEQUENCE_ASSEMBLY,"Genome assembly",2023-07-12T19:44:17,,PRIVATE,Webin-62636,ERP149384,ERS15993817
ERZ19643037,webin-genome-Aci222,SEQUENCE_ASSEMBLY,"Genome assembly",2023-07-12T19:44:10,,PRIVATE,Webin-62636,ERP149384,ERS15993856
ERZ19643030,webin-genome-Aci141,SEQUENCE_ASSEMBLY,"Genome assembly",2023-07-12T19:44:03,,PRIVATE,Webin-62636,ERP149384,ERS15993795
ERZ19643026,webin-genome-AB150,SEQUENCE_ASSEMBLY,"Genome assembly",2023-07-12T19:43:56,,PRIVATE,Webin-62636,ERP149384,ERS15993643
ERZ19643025,webin-genome-Aci95,SEQUENCE_ASSEMBLY,"Genome assembly",2023-07-12T19:43:49,,PRIVATE,Webin-62636,ERP149384,ERS15994009
ERZ19643021,webin-genome-AB195,SEQUENCE_ASSEMBLY,"Genome assembly",2023-07-12T19:43:43,,PRIVATE,Webin-62636,ERP149384,ERS15993676
ERZ19643016,webin-genome-Aci303,SEQUENCE_ASSEMBLY,"Genome assembly",2023-07-12T19:43:36,,PRIVATE,Webin-62636,ERP149384,ERS15993904
ERZ19643009,webin-genome-Aci62,SEQUENCE_ASSEMBLY,"Genome assembly",2023-07-12T19:43:29,,PRIVATE,Webin-62636,ERP149384,ERS15993988
ERZ19643008,webin-genome-AB158,SEQUENCE_ASSEMBLY,"Genome assembly",2023-07-12T19:43:21,,PRIVATE,Webin-62636,ERP149384,ERS15993649
ERZ19643002,webin-genome-AB121,SEQUENCE_ASSEMBLY,"Genome assembly",2023-07-12T19:43:15,,PRIVATE,Webin-62636,ERP149384,ERS15993615
ERZ19643000,webin-genome-Aci351,SEQUENCE_ASSEMBLY,"Genome assembly",2023-07-12T19:43:08,,PRIVATE,Webin-62636,ERP149384,ERS15993949
ERZ19642998,webin-genome-Aci257,SEQUENCE_ASSEMBLY,"Genome assembly",2023-07-12T19:43:01,,PRIVATE,Webin-62636,ERP149384,ERS15993875
ERZ19642992,webin-genome-Aci181,SEQUENCE_ASSEMBLY,"Genome assembly",2023-07-12T19:42:54,,PRIVATE,Webin-62636,ERP149384,ERS15993838
ERZ19642990,webin-genome-Aci350,SEQUENCE_ASSEMBLY,"Genome assembly",2023-07-12T19:42:47,,PRIVATE,Webin-62636,ERP149384,ERS15993948
ERZ19642987,webin-genome-AB7,SEQUENCE_ASSEMBLY,"Genome assembly",2023-07-12T19:42:40,,PRIVATE,Webin-62636,ERP149384,ERS15993749
ERZ19642986,webin-genome-Aci366,SEQUENCE_ASSEMBLY,"Genome assembly",2023-07-12T19:42:33,,PRIVATE,Webin-62636,ERP149384,ERS15993965
ERZ19642984,webin-genome-Aci70,SEQUENCE_ASSEMBLY,"Genome assembly",2023-07-12T19:42:26,,PRIVATE,Webin-62636,ERP149384,ERS15993997
ERZ19642980,webin-genome-AB15,SEQUENCE_ASSEMBLY,"Genome assembly",2023-07-12T19:42:19,,PRIVATE,Webin-62636,ERP149384,ERS15993642
ERZ19642976,webin-genome-Aci10,SEQUENCE_ASSEMBLY,"Genome assembly",2023-07-12T19:42:12,,PRIVATE,Webin-62636,ERP149384,ERS15993769
ERZ19642972,webin-genome-Aci147,SEQUENCE_ASSEMBLY,"Genome assembly",2023-07-12T19:42:05,,PRIVATE,Webin-62636,ERP149384,ERS15993801
ERZ19642971,webin-genome-AB257,SEQUENCE_ASSEMBLY,"Genome assembly",2023-07-12T19:41:58,,PRIVATE,Webin-62636,ERP149384,ERS15993717
ERZ19642969,webin-genome-Aci150,SEQUENCE_ASSEMBLY,"Genome assembly",2023-07-12T19:41:51,,PRIVATE,Webin-62636,ERP149384,ERS15993804
ERZ19642964,webin-genome-AB230,SEQUENCE_ASSEMBLY,"Genome assembly",2023-07-12T19:41:44,,PRIVATE,Webin-62636,ERP149384,ERS15993696
ERZ19642963,webin-genome-Aci43,SEQUENCE_ASSEMBLY,"Genome assembly",2023-07-12T19:41:37,,PRIVATE,Webin-62636,ERP149384,ERS15993976
ERZ19642959,webin-genome-Aci60,SEQUENCE_ASSEMBLY,"Genome assembly",2023-07-12T19:41:30,,PRIVATE,Webin-62636,ERP149384,ERS15993986
ERZ19642955,webin-genome-Aci260,SEQUENCE_ASSEMBLY,"Genome assembly",2023-07-12T19:41:23,,PRIVATE,Webin-62636,ERP149384,ERS15993879
ERZ19642946,webin-genome-Aci54,SEQUENCE_ASSEMBLY,"Genome assembly",2023-07-12T19:41:16,,PRIVATE,Webin-62636,ERP149384,ERS15993979
ERZ19642941,webin-genome-AB122,SEQUENCE_ASSEMBLY,"Genome assembly",2023-07-12T19:41:10,,PRIVATE,Webin-62636,ERP149384,ERS15993616
ERZ19642940,webin-genome-Aci343,SEQUENCE_ASSEMBLY,"Genome assembly",2023-07-12T19:41:03,,PRIVATE,Webin-62636,ERP149384,ERS15993940
ERZ19642937,webin-genome-Aci312,SEQUENCE_ASSEMBLY,"Genome assembly",2023-07-12T19:40:56,,PRIVATE,Webin-62636,ERP149384,ERS15993912
ERZ19642935,webin-genome-Aci167,SEQUENCE_ASSEMBLY,"Genome assembly",2023-07-12T19:40:49,,PRIVATE,Webin-62636,ERP149384,ERS15993822
ERZ19642934,webin-genome-Aci35,SEQUENCE_ASSEMBLY,"Genome assembly",2023-07-12T19:40:41,,PRIVATE,Webin-62636,ERP149384,ERS15993947
ERZ19642933,webin-genome-AB76,SEQUENCE_ASSEMBLY,"Genome assembly",2023-07-12T19:40:35,,PRIVATE,Webin-62636,ERP149384,ERS15993750
ERZ19642932,webin-genome-Aci38,SEQUENCE_ASSEMBLY,"Genome assembly",2023-07-12T19:40:28,,PRIVATE,Webin-62636,ERP149384,ERS15993970
ERZ19642928,webin-genome-Aci274,SEQUENCE_ASSEMBLY,"Genome assembly",2023-07-12T19:40:21,,PRIVATE,Webin-62636,ERP149384,ERS15993894
ERZ19642927,webin-genome-AB233,SEQUENCE_ASSEMBLY,"Genome assembly",2023-07-12T19:40:14,,PRIVATE,Webin-62636,ERP149384,ERS15993699
ERZ19642915,webin-genome-AB11,SEQUENCE_ASSEMBLY,"Genome assembly",2023-07-12T19:40:07,,PRIVATE,Webin-62636,ERP149384,ERS15993605
ERZ19642913,webin-genome-AB188,SEQUENCE_ASSEMBLY,"Genome assembly",2023-07-12T19:40:00,,PRIVATE,Webin-62636,ERP149384,ERS15993671
ERZ19642912,webin-genome-Aci304,SEQUENCE_ASSEMBLY,"Genome assembly",2023-07-12T19:39:52,,PRIVATE,Webin-62636,ERP149384,ERS15993905
ERZ19642911,webin-genome-AB162,SEQUENCE_ASSEMBLY,"Genome assembly",2023-07-12T19:39:46,,PRIVATE,Webin-62636,ERP149384,ERS15993653
ERZ19642909,webin-genome-AB100,SEQUENCE_ASSEMBLY,"Genome assembly",2023-07-12T19:39:39,,PRIVATE,Webin-62636,ERP149384,ERS15993602
ERZ19642908,webin-genome-Aci55,SEQUENCE_ASSEMBLY,"Genome assembly",2023-07-12T19:39:32,,PRIVATE,Webin-62636,ERP149384,ERS15993980
ERZ19642907,webin-genome-Aci293,SEQUENCE_ASSEMBLY,"Genome assembly",2023-07-12T19:39:26,,PRIVATE,Webin-62636,ERP149384,ERS15993899
ERZ19642906,webin-genome-Aci365,SEQUENCE_ASSEMBLY,"Genome assembly",2023-07-12T19:39:19,,PRIVATE,Webin-62636,ERP149384,ERS15993964
ERZ19642905,webin-genome-Aci25,SEQUENCE_ASSEMBLY,"Genome assembly",2023-07-12T19:39:12,,PRIVATE,Webin-62636,ERP149384,ERS15993869
ERZ19642903,webin-genome-Aci315,SEQUENCE_ASSEMBLY,"Genome assembly",2023-07-12T19:39:06,,PRIVATE,Webin-62636,ERP149384,ERS15993913
ERZ19642902,webin-genome-Aci2,SEQUENCE_ASSEMBLY,"Genome assembly",2023-07-12T19:38:59,,PRIVATE,Webin-62636,ERP149384,ERS15993846
ERZ19642901,webin-genome-Aci66,SEQUENCE_ASSEMBLY,"Genome assembly",2023-07-12T19:38:52,,PRIVATE,Webin-62636,ERP149384,ERS15993992
ERZ19642899,webin-genome-AB114,SEQUENCE_ASSEMBLY,"Genome assembly",2023-07-12T19:38:45,,PRIVATE,Webin-62636,ERP149384,ERS15993608
ERZ19642898,webin-genome-Aci334,SEQUENCE_ASSEMBLY,"Genome assembly",2023-07-12T19:38:38,,PRIVATE,Webin-62636,ERP149384,ERS15993930
ERZ19642896,webin-genome-Aci153,SEQUENCE_ASSEMBLY,"Genome assembly",2023-07-12T19:38:31,,PRIVATE,Webin-62636,ERP149384,ERS15993807
ERZ19642891,"webin-genome-Aci111_AB239",SEQUENCE_ASSEMBLY,"Genome assembly",2023-07-12T19:38:24,,PRIVATE,Webin-62636,ERP149384,ERS15993782
ERZ19642887,webin-genome-Aci354,SEQUENCE_ASSEMBLY,"Genome assembly",2023-07-12T19:38:17,,PRIVATE,Webin-62636,ERP149384,ERS15993952
ERZ19642884,webin-genome-Aci23,SEQUENCE_ASSEMBLY,"Genome assembly",2023-07-12T19:38:10,,PRIVATE,Webin-62636,ERP149384,ERS15993860
ERZ19642882,webin-genome-Aci175,SEQUENCE_ASSEMBLY,"Genome assembly",2023-07-12T19:38:03,,PRIVATE,Webin-62636,ERP149384,ERS15993831
ERZ19642879,webin-genome-AB119,SEQUENCE_ASSEMBLY,"Genome assembly",2023-07-12T19:37:56,,PRIVATE,Webin-62636,ERP149384,ERS15993612
ERZ19642877,webin-genome-AB59,SEQUENCE_ASSEMBLY,"Genome assembly",2023-07-12T19:37:49,,PRIVATE,Webin-62636,ERP149384,ERS15993747
ERZ19642873,webin-genome-AB247a,SEQUENCE_ASSEMBLY,"Genome assembly",2023-07-12T19:37:42,,PRIVATE,Webin-62636,ERP149384,ERS15993710
ERZ19642872,webin-genome-Aci143,SEQUENCE_ASSEMBLY,"Genome assembly",2023-07-12T19:37:35,,PRIVATE,Webin-62636,ERP149384,ERS15993797
ERZ19642863,webin-genome-Aci180,SEQUENCE_ASSEMBLY,"Genome assembly",2023-07-12T19:37:28,,PRIVATE,Webin-62636,ERP149384,ERS15993837
ERZ19642859,webin-genome-Aci165,SEQUENCE_ASSEMBLY,"Genome assembly",2023-07-12T19:37:21,,PRIVATE,Webin-62636,ERP149384,ERS15993820
ERZ19642853,webin-genome-Aci72,SEQUENCE_ASSEMBLY,"Genome assembly",2023-07-12T19:37:15,,PRIVATE,Webin-62636,ERP149384,ERS15993999
ERZ19642845,webin-genome-Aci339,SEQUENCE_ASSEMBLY,"Genome assembly",2023-07-12T19:37:08,,PRIVATE,Webin-62636,ERP149384,ERS15993935
ERZ19642840,webin-genome-AB161,SEQUENCE_ASSEMBLY,"Genome assembly",2023-07-12T19:37:01,,PRIVATE,Webin-62636,ERP149384,ERS15993652
ERZ19642836,webin-genome-Aci40,SEQUENCE_ASSEMBLY,"Genome assembly",2023-07-12T19:36:54,,PRIVATE,Webin-62636,ERP149384,ERS15993973
ERZ19642835,webin-genome-Aci63,SEQUENCE_ASSEMBLY,"Genome assembly",2023-07-12T19:36:47,,PRIVATE,Webin-62636,ERP149384,ERS15993989
ERZ19642834,webin-genome-Aci330,SEQUENCE_ASSEMBLY,"Genome assembly",2023-07-12T19:36:40,,PRIVATE,Webin-62636,ERP149384,ERS15993926
ERZ19642830,webin-genome-Aci179,SEQUENCE_ASSEMBLY,"Genome assembly",2023-07-12T19:36:33,,PRIVATE,Webin-62636,ERP149384,ERS15993835
ERZ19642827,webin-genome-Aci264,SEQUENCE_ASSEMBLY,"Genome assembly",2023-07-12T19:36:26,,PRIVATE,Webin-62636,ERP149384,ERS15993883
ERZ19642821,webin-genome-AB8,SEQUENCE_ASSEMBLY,"Genome assembly",2023-07-12T19:36:19,,PRIVATE,Webin-62636,ERP149384,ERS15993753
ERZ19642817,webin-genome-Aci177,SEQUENCE_ASSEMBLY,"Genome assembly",2023-07-12T19:36:12,,PRIVATE,Webin-62636,ERP149384,ERS15993833
ERZ19642815,webin-genome-Aci174,SEQUENCE_ASSEMBLY,"Genome assembly",2023-07-12T19:36:06,,PRIVATE,Webin-62636,ERP149384,ERS15993830
ERZ19642812,webin-genome-Aci337,SEQUENCE_ASSEMBLY,"Genome assembly",2023-07-12T19:35:59,,PRIVATE,Webin-62636,ERP149384,ERS15993933
ERZ19642810,webin-genome-Aci74,SEQUENCE_ASSEMBLY,"Genome assembly",2023-07-12T19:35:52,,PRIVATE,Webin-62636,ERP149384,ERS15994001
ERZ19642806,webin-genome-Aci355,SEQUENCE_ASSEMBLY,"Genome assembly",2023-07-12T19:35:45,,PRIVATE,Webin-62636,ERP149384,ERS15993953
ERZ19642803,"webin-genome-Aci110_AB124",SEQUENCE_ASSEMBLY,"Genome assembly",2023-07-12T19:35:38,,PRIVATE,Webin-62636,ERP149384,ERS15993781
ERZ19642799,webin-genome-Aci189,SEQUENCE_ASSEMBLY,"Genome assembly",2023-07-12T19:35:31,,PRIVATE,Webin-62636,ERP149384,ERS15993842
ERZ19642793,webin-genome-Aci263,SEQUENCE_ASSEMBLY,"Genome assembly",2023-07-12T19:35:24,,PRIVATE,Webin-62636,ERP149384,ERS15993882
ERZ19642781,webin-genome-Aci345,SEQUENCE_ASSEMBLY,"Genome assembly",2023-07-12T19:35:17,,PRIVATE,Webin-62636,ERP149384,ERS15993942
ERZ19642777,webin-genome-Aci36,SEQUENCE_ASSEMBLY,"Genome assembly",2023-07-12T19:35:09,,PRIVATE,Webin-62636,ERP149384,ERS15993958
ERZ19642776,webin-genome-Aci173,SEQUENCE_ASSEMBLY,"Genome assembly",2023-07-12T19:35:03,,PRIVATE,Webin-62636,ERP149384,ERS15993829
ERZ19642772,webin-genome-Aci161,SEQUENCE_ASSEMBLY,"Genome assembly",2023-07-12T19:34:56,,PRIVATE,Webin-62636,ERP149384,ERS15993816
ERZ19642768,webin-genome-Aci357,SEQUENCE_ASSEMBLY,"Genome assembly",2023-07-12T19:34:50,,PRIVATE,Webin-62636,ERP149384,ERS15993955
ERZ19642765,webin-genome-AB155,SEQUENCE_ASSEMBLY,"Genome assembly",2023-07-12T19:34:43,,PRIVATE,Webin-62636,ERP149384,ERS15993647
ERZ19642756,webin-genome-Aci79,SEQUENCE_ASSEMBLY,"Genome assembly",2023-07-12T19:34:36,,PRIVATE,Webin-62636,ERP149384,ERS15994005
ERZ19642753,webin-genome-Aci101_AB93,SEQUENCE_ASSEMBLY,"Genome assembly",2023-07-12T19:34:29,,PRIVATE,Webin-62636,ERP149384,ERS15993771
ERZ19642751,webin-genome-Aci255,SEQUENCE_ASSEMBLY,"Genome assembly",2023-07-12T19:34:22,,PRIVATE,Webin-62636,ERP149384,ERS15993873
ERZ19642743,webin-genome-Aci32,SEQUENCE_ASSEMBLY,"Genome assembly",2023-07-12T19:34:15,,PRIVATE,Webin-62636,ERP149384,ERS15993916
ERZ19642739,webin-genome-Aci39,SEQUENCE_ASSEMBLY,"Genome assembly",2023-07-12T19:34:08,,PRIVATE,Webin-62636,ERP149384,ERS15993971
ERZ19642735,webin-genome-Aci65,SEQUENCE_ASSEMBLY,"Genome assembly",2023-07-12T19:34:02,,PRIVATE,Webin-62636,ERP149384,ERS15993991
ERZ19642730,webin-genome-Aci19,SEQUENCE_ASSEMBLY,"Genome assembly",2023-07-12T19:33:55,,PRIVATE,Webin-62636,ERP149384,ERS15993843
ERZ19642729,webin-genome-AB116,SEQUENCE_ASSEMBLY,"Genome assembly",2023-07-12T19:33:48,,PRIVATE,Webin-62636,ERP149384,ERS15993610
ERZ19642727,webin-genome-Aci27,SEQUENCE_ASSEMBLY,"Genome assembly",2023-07-12T19:33:41,,PRIVATE,Webin-62636,ERP149384,ERS15993889
ERZ19642723,webin-genome-Aci271,SEQUENCE_ASSEMBLY,"Genome assembly",2023-07-12T19:33:33,,PRIVATE,Webin-62636,ERP149384,ERS15993891
ERZ19642718,webin-genome-AB83,SEQUENCE_ASSEMBLY,"Genome assembly",2023-07-12T19:33:27,,PRIVATE,Webin-62636,ERP149384,ERS15993754
ERZ19642717,webin-genome-AB90,SEQUENCE_ASSEMBLY,"Genome assembly",2023-07-12T19:33:20,,PRIVATE,Webin-62636,ERP149384,ERS15993759
ERZ19642713,webin-genome-Aci75,SEQUENCE_ASSEMBLY,"Genome assembly",2023-07-12T19:33:13,,PRIVATE,Webin-62636,ERP149384,ERS15994002
ERZ19642712,webin-genome-Aci331,SEQUENCE_ASSEMBLY,"Genome assembly",2023-07-12T19:33:06,,PRIVATE,Webin-62636,ERP149384,ERS15993927
ERZ19642705,webin-genome-AB210,SEQUENCE_ASSEMBLY,"Genome assembly",2023-07-12T19:33:00,,PRIVATE,Webin-62636,ERP149384,ERS15993686
ERZ19642699,webin-genome-AB226,SEQUENCE_ASSEMBLY,"Genome assembly",2023-07-12T19:32:53,,PRIVATE,Webin-62636,ERP149384,ERS15993693
ERZ19642697,webin-genome-Aci37,SEQUENCE_ASSEMBLY,"Genome assembly",2023-07-12T19:32:46,,PRIVATE,Webin-62636,ERP149384,ERS15993969
ERZ19642696,webin-genome-AB159,SEQUENCE_ASSEMBLY,"Genome assembly",2023-07-12T19:32:39,,PRIVATE,Webin-62636,ERP149384,ERS15993650
ERZ19642689,webin-genome-Aci152,SEQUENCE_ASSEMBLY,"Genome assembly",2023-07-12T19:32:32,,PRIVATE,Webin-62636,ERP149384,ERS15993806
ERZ19642681,webin-genome-AB136,SEQUENCE_ASSEMBLY,"Genome assembly",2023-07-12T19:32:26,,PRIVATE,Webin-62636,ERP149384,ERS15993628
ERZ19642679,webin-genome-Aci272,SEQUENCE_ASSEMBLY,"Genome assembly",2023-07-12T19:32:18,,PRIVATE,Webin-62636,ERP149384,ERS15993892
ERZ19642672,webin-genome-AB221,SEQUENCE_ASSEMBLY,"Genome assembly",2023-07-12T19:32:12,,PRIVATE,Webin-62636,ERP149384,ERS15993691
ERZ19642668,webin-genome-Aci216,SEQUENCE_ASSEMBLY,"Genome assembly",2023-07-12T19:32:05,,PRIVATE,Webin-62636,ERP149384,ERS15993853
ERZ19642666,webin-genome-Aci53,SEQUENCE_ASSEMBLY,"Genome assembly",2023-07-12T19:31:58,,PRIVATE,Webin-62636,ERP149384,ERS15993978
ERZ19642662,webin-genome-Aci183,SEQUENCE_ASSEMBLY,"Genome assembly",2023-07-12T19:31:52,,PRIVATE,Webin-62636,ERP149384,ERS15993840
ERZ19642661,webin-genome-AB173,SEQUENCE_ASSEMBLY,"Genome assembly",2023-07-12T19:31:46,,PRIVATE,Webin-62636,ERP149384,ERS15993658
ERZ19642656,webin-genome-Aci336,SEQUENCE_ASSEMBLY,"Genome assembly",2023-07-12T19:31:39,,PRIVATE,Webin-62636,ERP149384,ERS15993932
ERZ19642650,webin-genome-Aci8,SEQUENCE_ASSEMBLY,"Genome assembly",2023-07-12T19:31:32,,PRIVATE,Webin-62636,ERP149384,ERS15994006
ERZ19642646,webin-genome-Aci71,SEQUENCE_ASSEMBLY,"Genome assembly",2023-07-12T19:31:26,,PRIVATE,Webin-62636,ERP149384,ERS15993998
ERZ19642642,webin-genome-Aci261,SEQUENCE_ASSEMBLY,"Genome assembly",2023-07-12T19:31:17,,PRIVATE,Webin-62636,ERP149384,ERS15993880
ERZ19642636,webin-genome-Aci15,SEQUENCE_ASSEMBLY,"Genome assembly",2023-07-12T19:31:11,,PRIVATE,Webin-62636,ERP149384,ERS15993803
ERZ19642632,webin-genome-AB204,SEQUENCE_ASSEMBLY,"Genome assembly",2023-07-12T19:31:04,,PRIVATE,Webin-62636,ERP149384,ERS15993682
ERZ19642624,webin-genome-AB165,SEQUENCE_ASSEMBLY,"Genome assembly",2023-07-12T19:30:58,,PRIVATE,Webin-62636,ERP149384,ERS15993656
ERZ19642618,webin-genome-Aci191,SEQUENCE_ASSEMBLY,"Genome assembly",2023-07-12T19:30:51,,PRIVATE,Webin-62636,ERP149384,ERS15993844
ERZ19642615,webin-genome-AB86,SEQUENCE_ASSEMBLY,"Genome assembly",2023-07-12T19:30:44,,PRIVATE,Webin-62636,ERP149384,ERS15993756
ERZ19642614,webin-genome-AB245,SEQUENCE_ASSEMBLY,"Genome assembly",2023-07-12T19:30:38,,PRIVATE,Webin-62636,ERP149384,ERS15993708
ERZ19642609,webin-genome-AB133,SEQUENCE_ASSEMBLY,"Genome assembly",2023-07-12T19:30:31,,PRIVATE,Webin-62636,ERP149384,ERS15993627
ERZ19642602,webin-genome-Aci171,SEQUENCE_ASSEMBLY,"Genome assembly",2023-07-12T19:30:24,,PRIVATE,Webin-62636,ERP149384,ERS15993827
ERZ19642601,webin-genome-AB6,SEQUENCE_ASSEMBLY,"Genome assembly",2023-07-12T19:30:18,,PRIVATE,Webin-62636,ERP149384,ERS15993748
ERZ19642593,webin-genome-AB250,SEQUENCE_ASSEMBLY,"Genome assembly",2023-07-12T19:30:12,,PRIVATE,Webin-62636,ERP149384,ERS15993712
ERZ19642590,webin-genome-AB54,SEQUENCE_ASSEMBLY,"Genome assembly",2023-07-12T19:30:05,,PRIVATE,Webin-62636,ERP149384,ERS15993744
ERZ19642584,webin-genome-Aci99_AB10,SEQUENCE_ASSEMBLY,"Genome assembly",2023-07-12T19:29:58,,PRIVATE,Webin-62636,ERP149384,ERS15994011
ERZ19642577,webin-genome-AB209,SEQUENCE_ASSEMBLY,"Genome assembly",2023-07-12T19:29:51,,PRIVATE,Webin-62636,ERP149384,ERS15993685
ERZ19642574,webin-genome-Aci202,SEQUENCE_ASSEMBLY,"Genome assembly",2023-07-12T19:29:44,,PRIVATE,Webin-62636,ERP149384,ERS15993849
ERZ19642573,webin-genome-Aci335,SEQUENCE_ASSEMBLY,"Genome assembly",2023-07-12T19:29:37,,PRIVATE,Webin-62636,ERP149384,ERS15993931
ERZ19642569,webin-genome-Aci168,SEQUENCE_ASSEMBLY,"Genome assembly",2023-07-12T19:29:30,,PRIVATE,Webin-62636,ERP149384,ERS15993823
ERZ19642558,"webin-genome-Aci106_AB288",SEQUENCE_ASSEMBLY,"Genome assembly",2023-07-12T19:29:24,,PRIVATE,Webin-62636,ERP149384,ERS15993776
ERZ19642550,webin-genome-AB127,SEQUENCE_ASSEMBLY,"Genome assembly",2023-07-12T19:29:18,,PRIVATE,Webin-62636,ERP149384,ERS15993620
ERZ19642549,webin-genome-AB101,SEQUENCE_ASSEMBLY,"Genome assembly",2023-07-12T19:29:11,,PRIVATE,Webin-62636,ERP149384,ERS15993603
ERZ19642451,webin-genome-Aci68,SEQUENCE_ASSEMBLY,"Genome assembly",2023-07-12T19:26:29,,PRIVATE,Webin-62636,ERP149384,ERS15993994
